,AT,BE,BG,CH,CZ,DE,DK,EE,ES,FI,FR,UK,EL,HR,HU,IE,IT,LT,LU,LV,ME,MK,NL,NO,PL,PT,RO,RS,SE,SI,SK
par_trend,0.7002409417507435,-0.3055706185043796,0.0362611442714849,-0.0933003266066202,0.0,-1.259687880688678,-0.11726047797115628,0.0,-1.2719952651263264,-0.09717762524528188,-1.376685667894737,2.396792312207179,-0.4763551449888677,-0.05822788321940354,0.06228392326817457,0.0,-0.8290974875009106,0.049958526862447346,-0.0522035541143552,0.04036050503649291,-0.06210153360520384,-0.01835477063609199,0.282585663622333,0.31646099679132966,0.5026417151735278,-0.2439959749020943,-0.1529236413933821,-0.049318625352789636,-0.20567567934530126,0.08415519311817754,0.0
